date,temperature,humidity,pressure,wind_speed,precipitation,rain
2023-12-31,0.3674911660777385,0.5733333333333334,0.5611111111111123,0.2323943661971831,0.0,0
2024-01-01,0.46643109540636046,0.5733333333333334,0.4388888888888876,0.27112676056338025,0.0,0
2024-01-02,0.5335689045936397,0.6,0.33055555555555494,0.29225352112676056,0.2,0
2024-01-03,0.48056537102473507,0.7866666666666666,0.3611111111111111,0.25704225352112675,1.5,1
2024-01-04,0.6042402826855124,0.6666666666666666,0.4388888888888876,0.22183098591549294,0.0,0
2024-01-05,0.6996466431095407,0.4533333333333333,0.4222222222222235,0.30985915492957744,0.0,0
2024-01-06,0.5371024734982333,0.8533333333333334,0.3277777777777765,0.1091549295774648,19.8,1
2024-01-07,0.4911660777385159,0.96,0.2472222222222216,0.34859154929577457,36.4,1
2024-01-08,0.4134275618374558,0.7466666666666667,0.4027777777777778,0.4612676056338027,0.0,0
2024-01-09,0.39929328621908133,0.88,0.3694444444444432,0.14788732394366197,0.0,0
2024-01-10,0.41696113074204955,0.76,0.41944444444444506,0.23943661971830985,0.0,0
2024-01-11,0.5159010600706715,0.6533333333333333,0.4722222222222222,0.1725352112676056,0.0,0
2024-01-12,0.6678445229681979,0.38666666666666666,0.38611111111111046,0.35915492957746475,0.0,0
2024-01-13,0.6254416961130742,0.41333333333333333,0.4083333333333346,0.48591549295774644,0.0,0
2024-01-14,0.530035335689046,0.44,0.4500000000000013,0.1795774647887324,0.0,0
2024-01-15,0.6501766784452297,0.48,0.31666666666666604,0.27464788732394363,0.0,0
2024-01-16,0.6572438162544171,0.5333333333333333,0.18611111111111237,0.4366197183098591,0.4,1
2024-01-17,0.3745583038869259,0.6266666666666667,0.29444444444444506,0.584507042253521,5.7,1
2024-01-18,0.36042402826855124,0.5733333333333334,0.3388888888888901,0.43309859154929575,0.0,0
2024-01-19,0.4275618374558305,0.5733333333333334,0.25277777777777843,0.1619718309859155,0.0,0
2024-01-20,0.6325088339222615,0.30666666666666664,0.1305555555555568,0.38028169014084506,0.0,0
2024-01-21,0.41696113074204955,0.6,0.32222222222222285,0.4436619718309858,0.0,0
2024-01-22,0.5265017667844523,0.48,0.3333333333333333,0.1795774647887324,0.0,0
2024-01-23,0.8056537102473499,0.12,0.18055555555555555,0.35563380281690143,0.0,0
2024-01-24,0.6042402826855124,0.6,0.24166666666666792,0.22887323943661972,1.2,1
2024-01-25,0.44876325088339225,0.8,0.2694444444444457,0.23591549295774647,19.9,1
2024-01-26,0.39929328621908133,0.6533333333333333,0.35000000000000064,0.5352112676056338,0.2,0
2024-01-27,0.3674911660777385,0.6933333333333334,0.3611111111111111,0.3309859154929577,0.0,0
2024-01-28,0.4204946996466431,0.7733333333333333,0.3194444444444444,0.1408450704225352,0.0,0
2024-01-29,0.5053003533568905,0.64,0.31666666666666604,0.2957746478873239,0.0,0
2024-01-30,0.41696113074204955,0.7066666666666667,0.4444444444444444,0.3873239436619718,0.0,0
2024-01-31,0.4063604240282686,0.6133333333333333,0.5361111111111099,0.42605633802816906,0.0,0
2024-02-01,0.4204946996466431,0.7066666666666667,0.5,0.41197183098591544,0.0,0
2024-02-02,0.4593639575971732,0.7333333333333333,0.4166666666666667,0.278169014084507,0.0,0
2024-02-03,0.5618374558303887,0.5066666666666667,0.2555555555555568,0.1267605633802817,0.0,0
2024-02-04,0.6466431095406361,0.4,0.052777777777777146,0.35563380281690143,0.0,0
2024-02-05,0.43109540636042404,0.56,0.3055555555555556,0.5457746478873239,0.0,0
2024-02-06,0.39222614840989406,0.5066666666666667,0.5805555555555549,0.41197183098591544,0.0,0
2024-02-07,0.39222614840989406,0.6533333333333333,0.6722222222222235,0.3732394366197183,0.0,0
2024-02-08,0.43109540636042404,0.6,0.6611111111111099,0.3838028169014084,0.0,0
2024-02-09,0.46643109540636046,0.5733333333333334,0.6555555555555562,0.34859154929577457,0.0,0
2024-02-10,0.5229681978798587,0.49333333333333335,0.5888888888888901,0.1795774647887324,0.0,0
2024-02-11,0.5512367491166079,0.5066666666666667,0.4500000000000013,0.1408450704225352,0.0,0
2024-02-12,0.6501766784452297,0.4266666666666667,0.3333333333333333,0.08450704225352114,0.0,0
2024-02-13,0.4982332155477033,0.5866666666666667,0.3138888888888876,0.49999999999999994,0.0,0
2024-02-14,0.3886925795053004,0.41333333333333333,0.5333333333333345,0.4190140845070422,0.0,0
2024-02-15,0.3851590106007067,0.48,0.5722222222222229,0.3626760563380282,0.0,0
2024-02-16,0.46289752650176685,0.48,0.5527777777777771,0.278169014084507,0.0,0
2024-02-17,0.5229681978798587,0.41333333333333333,0.5444444444444451,0.2676056338028169,0.0,0
2024-02-18,0.5830388692579506,0.3333333333333333,0.5138888888888888,0.30281690140845074,0.0,0
2024-02-19,0.6007067137809188,0.37333333333333335,0.45555555555555494,0.2816901408450704,0.0,0
2024-02-20,0.7243816254416962,0.16,0.2916666666666667,0.48943661971830976,0.1,0
2024-02-21,0.7314487632508835,0.24,0.2194444444444438,0.352112676056338,0.0,0
2024-02-22,0.5830388692579506,0.5066666666666667,0.2194444444444438,0.39084507042253525,0.0,0
2024-02-23,0.4063604240282686,0.52,0.4861111111111111,0.6478873239436619,0.2,0
2024-02-24,0.4452296819787987,0.4666666666666667,0.5083333333333321,0.27112676056338025,0.0,0
2024-02-25,0.530035335689046,0.30666666666666664,0.41388888888888825,0.2852112676056338,0.0,0
2024-02-26,0.5159010600706715,0.56,0.44166666666666604,0.15845070422535212,0.0,0
2024-02-27,0.7173144876325089,0.24,0.2583333333333321,0.19366197183098594,0.0,0
2024-02-28,0.6395759717314489,0.5066666666666667,0.2583333333333321,0.4788732394366196,0.0,0
2024-02-29,0.48056537102473507,0.72,0.41944444444444506,0.22887323943661972,0.0,0
2024-03-01,0.46643109540636046,0.64,0.41944444444444506,0.28873239436619713,0.0,0
2024-03-02,0.4522968197879859,0.5866666666666667,0.5055555555555569,0.3626760563380282,0.0,0
2024-03-03,0.3851590106007067,0.5866666666666667,0.5638888888888877,0.306338028169014,0.0,0
2024-03-04,0.4558303886925795,0.5466666666666666,0.5277777777777778,0.2323943661971831,0.0,0
2024-03-05,0.6254416961130742,0.2,0.4249999999999987,0.1971830985915493,0.0,0
2024-03-06,0.607773851590106,0.4266666666666667,0.46111111111111175,0.27112676056338025,0.0,0
2024-03-07,0.5830388692579506,0.56,0.5611111111111123,0.21830985915492956,0.0,0
2024-03-08,0.7385159010600707,0.22666666666666666,0.4805555555555543,0.25,0.0,0
2024-03-09,0.8869257950530036,0.14666666666666667,0.38611111111111046,0.48943661971830976,0.0,0
2024-03-10,0.8692579505300355,0.12,0.4666666666666654,0.4401408450704225,0.0,0
2024-03-11,0.8727915194346291,0.10666666666666667,0.44166666666666604,0.3838028169014084,0.0,0
2024-03-12,0.745583038869258,0.28,0.3888888888888889,0.3697183098591549,0.0,0
2024-03-13,0.6819787985865725,0.4533333333333333,0.3611111111111111,0.2605633802816901,0.0,0
2024-03-14,0.508833922261484,0.6266666666666667,0.375,0.2605633802816901,0.0,0
2024-03-15,0.5441696113074205,0.48,0.40555555555555617,0.23943661971830985,0.1,0
2024-03-16,0.6254416961130742,0.5066666666666667,0.3277777777777765,0.16901408450704222,0.0,0
2024-03-17,0.6113074204946998,0.6266666666666667,0.22777777777777905,0.2535211267605634,0.7,1
2024-03-18,0.6007067137809188,0.6666666666666666,0.22777777777777905,0.3838028169014084,0.0,0
2024-03-19,0.42402826855123676,0.7333333333333333,0.41944444444444506,0.5633802816901408,0.4,1
2024-03-20,0.3250883392226149,0.4533333333333333,0.7583333333333321,0.4788732394366196,0.0,0
2024-03-21,0.3356890459363958,0.4,0.7388888888888864,0.2816901408450704,0.0,0
2024-03-22,0.3250883392226149,0.6266666666666667,0.6583333333333345,0.34507042253521125,0.0,0
2024-03-23,0.34628975265017675,0.6133333333333333,0.7166666666666655,0.5422535211267605,0.0,0
2024-03-24,0.30742049469964666,0.6533333333333333,0.7138888888888901,0.3345070422535211,0.0,0
2024-03-25,0.2968197879858658,0.7466666666666667,0.625,0.20422535211267603,0.0,0
2024-03-26,0.303886925795053,0.7333333333333333,0.6499999999999994,0.2429577464788732,0.0,0
2024-03-27,0.3710247349823322,0.64,0.7111111111111086,0.27464788732394363,0.0,0
2024-03-28,0.40989399293286227,0.56,0.6722222222222235,0.2535211267605634,0.0,0
2024-03-29,0.5123674911660778,0.3466666666666667,0.6027777777777791,0.1549295774647887,0.0,0
2024-03-30,0.5547703180212015,0.29333333333333333,0.6000000000000006,0.1443661971830986,0.0,0
2024-03-31,0.5583038869257951,0.41333333333333333,0.4916666666666679,0.1091549295774648,0.0,0
2024-04-01,0.3886925795053004,0.8,0.41944444444444506,0.4190140845070422,5.9,1
2024-04-02,0.34275618374558303,0.7333333333333333,0.5333333333333345,0.5704225352112675,3.9,1
2024-04-03,0.2932862190812721,0.7733333333333333,0.6499999999999994,0.19366197183098594,0.8,1
2024-04-04,0.3109540636042403,0.6133333333333333,0.7249999999999974,0.3415492957746478,0.0,0
2024-04-05,0.303886925795053,0.6,0.7000000000000013,0.3415492957746478,0.0,0
2024-04-06,0.2968197879858658,0.8,0.5472222222222235,0.26408450704225356,0.0,0
2024-04-07,0.32155477031802127,0.6533333333333333,0.47500000000000064,0.28873239436619713,0.0,0
2024-04-08,0.28621908127208484,0.76,0.44722222222222285,0.33802816901408456,3.8,1
2024-04-09,0.26148409893992935,0.6266666666666667,0.6388888888888888,0.3697183098591549,0.2,0
2024-04-10,0.26148409893992935,0.72,0.7138888888888901,0.2077464788732394,0.0,0
2024-04-11,0.2826855123674912,0.7866666666666666,0.7000000000000013,0.22183098591549294,0.2,0
2024-04-12,0.24381625441696117,0.7066666666666667,0.6777777777777803,0.18309859154929578,0.0,0
2024-04-13,0.21908127208480566,0.76,0.6805555555555556,0.1619718309859155,0.0,0
2024-04-14,0.24028268551236753,0.7333333333333333,0.6499999999999994,0.10211267605633803,0.0,0
2024-04-15,0.254416961130742,0.7866666666666666,0.6805555555555556,0.1267605633802817,0.0,0
2024-04-16,0.27915194346289757,0.7866666666666666,0.7138888888888901,0.2816901408450704,0.0,0
2024-04-17,0.27208480565371024,0.7466666666666667,0.7583333333333321,0.24647887323943662,0.1,0
2024-04-18,0.26148409893992935,0.76,0.7222222222222222,0.3626760563380282,1.0,1
2024-04-19,0.2968197879858658,0.7333333333333333,0.7138888888888901,0.4401408450704225,2.0,1
2024-04-20,0.22614840989399296,0.72,0.8388888888888901,0.16549295774647887,0.0,0
2024-04-21,0.1943462897526502,0.76,0.8222222222222197,0.1091549295774648,0.0,0
2024-04-22,0.2932862190812721,0.4266666666666667,0.6666666666666666,0.16901408450704222,0.0,0
2024-04-23,0.3498233215547703,0.48,0.5472222222222235,0.5809859154929577,0.4,1
2024-04-24,0.24028268551236753,0.56,0.7583333333333321,0.3873239436619718,0.1,0
2024-04-25,0.21908127208480566,0.7733333333333333,0.7972222222222235,0.26408450704225356,0.5,1
2024-04-26,0.20141342756183744,0.7866666666666666,0.780555555555553,0.1443661971830986,0.4,1
2024-04-27,0.22261484098939935,0.6133333333333333,0.6944444444444444,0.1232394366197183,0.0,0
2024-04-28,0.3356890459363958,0.3333333333333333,0.5833333333333334,0.27112676056338025,0.0,0
2024-04-29,0.2826855123674912,0.6666666666666666,0.6861111111111123,0.3415492957746478,0.1,0
2024-04-30,0.20494699646643114,0.48,0.8527777777777791,0.48591549295774644,0.0,0
2024-05-01,0.17667844522968199,0.7333333333333333,0.8611111111111112,0.23943661971830985,0.0,0
2024-05-02,0.265017667844523,0.6,0.8055555555555556,0.3626760563380282,0.0,0
2024-05-03,0.22614840989399296,0.68,0.7277777777777791,0.15845070422535212,0.0,0
2024-05-04,0.22614840989399296,0.6666666666666666,0.6722222222222235,0.2323943661971831,0.0,0
2024-05-05,0.3180212014134276,0.44,0.7305555555555543,0.22535211267605632,0.0,0
2024-05-06,0.24028268551236753,0.72,0.8111111111111123,0.05985915492957747,0.0,0
2024-05-07,0.26855123674911663,0.6,0.7972222222222235,0.20070422535211266,0.0,0
2024-05-08,0.3180212014134276,0.48,0.780555555555553,0.278169014084507,0.0,0
2024-05-09,0.28975265017667845,0.5333333333333333,0.7888888888888914,0.23591549295774647,0.0,0
2024-05-10,0.24028268551236753,0.6933333333333334,0.794444444444442,0.1795774647887324,0.0,0
2024-05-11,0.254416961130742,0.88,0.7416666666666679,0.21126760563380284,0.0,0
2024-05-12,0.16961130742049474,0.9333333333333333,0.7000000000000013,0.04577464788732393,0.0,0
2024-05-13,0.21201413427561838,0.8533333333333334,0.7111111111111086,0.06690140845070423,0.0,0
2024-05-14,0.2473498233215548,0.7866666666666666,0.7777777777777778,0.1232394366197183,0.0,0
2024-05-15,0.25795053003533575,0.7066666666666667,0.7722222222222209,0.17605633802816903,0.0,0
2024-05-16,0.23321554770318023,0.64,0.7694444444444457,0.0915492957746479,0.0,0
2024-05-17,0.24028268551236753,0.7333333333333333,0.8333333333333334,0.24647887323943662,0.0,0
2024-05-18,0.127208480565371,0.6933333333333334,0.9277777777777803,0.2147887323943662,0.0,0
2024-05-19,0.13780918727915198,0.8,0.8611111111111112,0.20070422535211266,0.4,1
2024-05-20,0.23321554770318023,0.8,0.8555555555555543,0.3204225352112676,0.1,0
2024-05-21,0.13780918727915198,0.7333333333333333,0.8722222222222248,0.15140845070422534,0.0,0
2024-05-22,0.07420494699646643,0.7866666666666666,0.7999999999999987,0.0704225352112676,0.0,0
2024-05-23,0.09187279151943463,0.7733333333333333,0.7611111111111136,0.0880281690140845,0.0,0
2024-05-24,0.18021201413427562,0.56,0.7138888888888901,0.2147887323943662,0.0,0
2024-05-25,0.21908127208480566,0.56,0.6916666666666692,0.16901408450704222,0.0,0
2024-05-26,0.24028268551236753,0.52,0.6888888888888877,0.1267605633802817,0.0,0
2024-05-27,0.21908127208480566,0.5466666666666666,0.7083333333333334,0.13380281690140844,0.0,0
2024-05-28,0.30742049469964666,0.3466666666666667,0.6527777777777778,0.23591549295774647,0.0,0
2024-05-29,0.36042402826855124,0.25333333333333335,0.47500000000000064,0.5211267605633803,0.0,0
2024-05-30,0.35335689045936397,0.5866666666666667,0.272222222222221,0.8098591549295774,6.8,1
2024-05-31,0.18727915194346295,0.88,0.4805555555555543,0.5070422535211266,9.1,1
2024-06-01,0.08833922261484099,0.8666666666666667,0.7472222222222248,0.1091549295774648,0.6,1
2024-06-02,0.056537102473498226,0.84,0.7277777777777791,0.0880281690140845,0.0,0
2024-06-03,0.10247349823321557,0.6,0.47500000000000064,0.27464788732394363,0.0,0
2024-06-04,0.10954063604240283,0.7466666666666667,0.47500000000000064,0.11267605633802817,0.1,0
2024-06-05,0.10954063604240283,0.9466666666666667,0.6777777777777803,0.0915492957746479,0.0,0
2024-06-06,0.14840989399293286,0.92,0.7583333333333321,0.15845070422535212,0.3,1
2024-06-07,0.15547703180212016,0.92,0.6777777777777803,0.15845070422535212,0.0,0
2024-06-08,0.11660777385159014,0.8666666666666667,0.5777777777777765,0.07746478873239436,0.0,0
2024-06-09,0.18021201413427562,0.8,0.5861111111111117,0.2077464788732394,0.0,0
2024-06-10,0.2932862190812721,0.56,0.5333333333333345,0.3873239436619718,1.1,1
2024-06-11,0.30742049469964666,0.76,0.4305555555555556,0.584507042253521,4.9,1
2024-06-12,0.23321554770318023,0.7866666666666666,0.5944444444444438,0.29225352112676056,0.6,1
2024-06-13,0.20494699646643114,0.84,0.558333333333334,0.1267605633802817,6.8,1
2024-06-14,0.21908127208480566,0.96,0.4027777777777778,0.28873239436619713,14.7,1
2024-06-15,0.13427561837455834,0.8933333333333333,0.5638888888888877,0.27464788732394363,0.0,0
2024-06-16,0.04593639575971734,0.88,0.669444444444442,0.0880281690140845,0.0,0
2024-06-17,0.04593639575971734,0.84,0.625,0.11619718309859153,0.4,1
2024-06-18,0.1413427561837456,0.76,0.4861111111111111,0.22535211267605632,0.0,0
2024-06-19,0.17667844522968199,0.8,0.35000000000000064,0.33802816901408456,7.2,1
2024-06-20,0.11307420494699645,0.8933333333333333,0.3833333333333321,0.30985915492957744,10.9,1
2024-06-21,0.07420494699646643,0.92,0.7111111111111086,0.15140845070422534,0.2,0
2024-06-22,0.0176678445229682,0.92,0.830555555555558,0.0880281690140845,0.0,0
2024-06-23,0.08480565371024737,0.6266666666666667,0.625,0.4401408450704225,0.0,0
2024-06-24,0.09540636042402825,0.76,0.3666666666666679,0.5704225352112675,4.7,1
2024-06-25,0.09893992932862195,0.92,0.3111111111111124,0.6830985915492956,23.9,1
2024-06-26,0.14840989399293286,0.8933333333333333,0.44722222222222285,0.6373239436619718,6.4,1
2024-06-27,0.16254416961130744,0.8533333333333334,0.5611111111111123,0.2323943661971831,1.6,1
2024-06-28,0.1943462897526502,0.56,0.4583333333333333,0.6197183098591548,2.1,1
2024-06-29,0.13074204946996465,0.9066666666666666,0.4638888888888901,0.352112676056338,17.8,1
2024-06-30,0.028268551236749113,0.8666666666666667,0.7249999999999974,0.2077464788732394,0.1,0
2024-07-01,0.0,0.9333333333333333,0.8499999999999974,0.073943661971831,0.4,1
2024-07-02,0.007067137809187286,0.84,0.9249999999999987,0.09507042253521127,0.0,0
2024-07-03,0.007067137809187286,0.84,0.9500000000000013,0.1091549295774648,0.0,0
2024-07-04,0.11307420494699645,0.64,0.9583333333333334,0.27464788732394363,0.0,0
2024-07-05,0.18727915194346295,0.6266666666666667,0.9472222222222197,0.38028169014084506,0.0,0
2024-07-06,0.21554770318021202,0.6,0.8583333333333358,0.788732394366197,0.0,0
2024-07-07,0.20141342756183744,0.7333333333333333,0.6277777777777784,0.5985915492957746,0.0,0
2024-07-08,0.18374558303886926,0.96,0.5055555555555569,0.28873239436619713,2.9,1
2024-07-09,0.15194346289752655,1.0,0.6805555555555556,0.0387323943661972,0.6,1
2024-07-10,0.16961130742049474,0.7333333333333333,0.5611111111111123,0.4154929577464789,0.0,0
2024-07-11,0.15194346289752655,0.9066666666666666,0.37777777777777843,0.4788732394366196,16.2,1
2024-07-12,0.12014134275618377,0.96,0.4944444444444432,0.18661971830985913,1.6,1
2024-07-13,0.13780918727915198,0.9733333333333334,0.5472222222222235,0.0915492957746479,5.4,1
2024-07-14,0.10600706713780919,0.96,0.5305555555555562,0.0880281690140845,0.1,0
2024-07-15,0.11660777385159014,0.8266666666666667,0.45555555555555494,0.46830985915492956,0.7,1
2024-07-16,0.13427561837455834,0.7466666666666667,0.5027777777777784,0.6373239436619718,0.1,0
2024-07-17,0.13427561837455834,0.8133333333333334,0.5249999999999994,0.5211267605633803,0.6,1
2024-07-18,0.11660777385159014,0.7733333333333333,0.5444444444444451,0.25,0.0,0
2024-07-19,0.1413427561837456,0.76,0.18055555555555555,0.9894366197183098,18.5,1
2024-07-20,0.17314487632508838,0.7066666666666667,0.4222222222222235,0.8767605633802815,6.1,1
2024-07-21,0.1943462897526502,0.8933333333333333,0.5888888888888901,0.5352112676056338,4.7,1
2024-07-22,0.16254416961130744,0.7733333333333333,0.6555555555555562,0.33802816901408456,0.0,0
2024-07-23,0.17667844522968199,0.5333333333333333,0.566666666666666,0.49999999999999994,0.0,0
2024-07-24,0.27208480565371024,0.52,0.28055555555555617,0.7816901408450704,3.8,1
2024-07-25,0.16607773851590105,0.88,0.3555555555555543,0.48591549295774644,3.1,1
2024-07-26,0.18374558303886926,0.76,0.4500000000000013,0.5669014084507041,0.1,0
2024-07-27,0.1236749116607774,0.72,0.6277777777777784,0.5528169014084506,8.9,1
2024-07-28,0.04240282685512366,0.8133333333333334,0.844444444444447,0.1408450704225352,0.3,1
2024-07-29,0.053003533568904596,0.7466666666666667,0.8833333333333321,0.21126760563380284,0.0,0
2024-07-30,0.09187279151943463,0.6666666666666666,0.9277777777777803,0.2429577464788732,0.0,0
2024-07-31,0.1590106007067138,0.64,0.9222222222222235,0.2429577464788732,0.0,0
2024-08-01,0.16254416961130744,0.5466666666666666,0.780555555555553,0.3626760563380282,0.0,0
2024-08-02,0.16607773851590105,0.6,0.6722222222222235,0.35915492957746475,0.7,1
2024-08-03,0.0706713780918728,0.8933333333333333,0.7777777777777778,0.15140845070422534,0.0,0
2024-08-04,0.10247349823321557,0.84,0.7111111111111086,0.09859154929577463,1.1,1
2024-08-05,0.09893992932862195,0.9466666666666667,0.6583333333333345,0.04225352112676057,0.1,0
2024-08-06,0.09540636042402825,0.8933333333333333,0.6944444444444444,0.2323943661971831,0.1,0
2024-08-07,0.13780918727915198,0.7333333333333333,0.6361111111111105,0.31338028169014076,0.0,0
2024-08-08,0.16254416961130744,0.76,0.566666666666666,0.3732394366197183,4.4,1
2024-08-09,0.06360424028268555,0.9733333333333334,0.7249999999999974,0.07746478873239436,0.0,0
2024-08-10,0.07773851590106005,0.8933333333333333,0.7972222222222235,0.07746478873239436,0.0,0
2024-08-11,0.23321554770318023,0.5466666666666666,0.7527777777777752,0.27464788732394363,0.0,0
2024-08-12,0.3392226148409895,0.56,0.6444444444444457,0.4718309859154929,0.0,0
2024-08-13,0.3250883392226149,0.5333333333333333,0.5444444444444451,0.352112676056338,0.2,0
2024-08-14,0.3321554770318021,0.5466666666666666,0.4444444444444444,0.1901408450704225,1.0,1
2024-08-15,0.35335689045936397,0.7066666666666667,0.2972222222222235,0.4788732394366196,10.1,1
2024-08-16,0.21554770318021202,0.88,0.2694444444444457,0.7464788732394365,9.5,1
2024-08-17,0.20141342756183744,0.92,0.4027777777777778,0.612676056338028,2.3,1
2024-08-18,0.17314487632508838,0.8666666666666667,0.5,0.1443661971830986,0.1,0
2024-08-19,0.27208480565371024,0.6266666666666667,0.3944444444444457,0.7218309859154929,1.2,1
2024-08-20,0.25795053003533575,0.7866666666666666,0.2833333333333346,0.6866197183098591,2.1,1
2024-08-21,0.23321554770318023,0.9066666666666666,0.4666666666666654,0.4577464788732394,1.9,1
2024-08-22,0.22614840989399296,0.88,0.5333333333333345,0.1549295774647887,1.0,1
2024-08-23,0.39575971731448767,0.56,0.31666666666666604,0.6161971830985915,0.5,1
2024-08-24,0.3392226148409895,0.7333333333333333,0.3111111111111124,0.2676056338028169,0.0,0
2024-08-25,0.2968197879858658,0.7733333333333333,0.28055555555555617,0.6373239436619718,6.1,1
2024-08-26,0.22614840989399296,0.8933333333333333,0.5444444444444451,0.38028169014084506,2.7,1
2024-08-27,0.3109540636042403,0.6133333333333333,0.3416666666666654,0.6760563380281689,0.0,0
2024-08-28,0.25795053003533575,0.7066666666666667,0.4249999999999987,0.5633802816901408,1.7,1
2024-08-29,0.3003533568904594,0.6933333333333334,0.2666666666666673,0.528169014084507,0.0,0
2024-08-30,0.27561837455830396,0.7466666666666667,0.1416666666666673,0.7922535211267605,3.8,1
2024-08-31,0.25795053003533575,0.76,0.2555555555555568,0.8697183098591549,2.9,1
2024-09-01,0.28621908127208484,0.7733333333333333,0.2833333333333346,0.8661971830985914,4.1,1
2024-09-02,0.20494699646643114,0.6133333333333333,0.6722222222222235,0.7852112676056338,1.4,1
2024-09-03,0.19081272084805656,0.64,0.794444444444442,0.2676056338028169,0.0,0
2024-09-04,0.3674911660777385,0.26666666666666666,0.4361111111111124,0.5809859154929577,0.5,1
2024-09-05,0.46643109540636046,0.37333333333333335,0.2583333333333321,0.3697183098591549,0.0,0
2024-09-06,0.27208480565371024,0.8266666666666667,0.4388888888888876,0.2852112676056338,6.4,1
2024-09-07,0.21908127208480566,0.8266666666666667,0.7027777777777765,0.27112676056338025,2.0,1
2024-09-08,0.24028268551236753,0.84,0.6333333333333321,0.5598591549295774,2.9,1
2024-09-09,0.2296819787985866,0.8533333333333334,0.6277777777777784,0.2605633802816901,2.5,1
2024-09-10,0.265017667844523,0.72,0.6111111111111112,0.10211267605633803,0.0,0
2024-09-11,0.21554770318021202,0.7466666666666667,0.7277777777777791,0.3732394366197183,0.6,1
2024-09-12,0.1413427561837456,0.7466666666666667,0.9305555555555556,0.278169014084507,0.0,0
2024-09-13,0.09187279151943463,0.8533333333333334,0.9000000000000026,0.13732394366197184,0.0,0
2024-09-14,0.1236749116607774,0.6933333333333334,0.8888888888888888,0.3732394366197183,0.1,0
2024-09-15,0.08127208480565375,0.5866666666666667,1.0,0.2816901408450704,0.0,0
2024-09-16,0.08127208480565375,0.72,0.9722222222222222,0.20422535211267603,0.0,0
2024-09-17,0.08833922261484099,0.6,0.7638888888888888,0.1091549295774648,0.0,0
2024-09-18,0.20848056537102477,0.4533333333333333,0.4722222222222222,0.27464788732394363,0.0,0
2024-09-19,0.19787985865724383,0.76,0.4388888888888876,0.5492957746478873,1.4,1
2024-09-20,0.21908127208480566,0.8,0.40555555555555617,0.6478873239436619,1.7,1
2024-09-21,0.2296819787985866,0.84,0.4305555555555556,0.4612676056338027,3.2,1
2024-09-22,0.24381625441696117,0.8533333333333334,0.5194444444444457,0.3873239436619718,2.3,1
2024-09-23,0.23674911660777384,0.8133333333333334,0.5249999999999994,0.10211267605633803,0.4,1
2024-09-24,0.3109540636042403,0.7066666666666667,0.35000000000000064,0.0880281690140845,1.0,1
2024-09-25,0.20141342756183744,0.8,0.44722222222222285,0.35915492957746475,0.5,1
2024-09-26,0.13427561837455834,0.6133333333333333,0.7555555555555569,0.2077464788732394,0.0,0
2024-09-27,0.254416961130742,0.4533333333333333,0.6833333333333308,0.23943661971830985,0.0,0
2024-09-28,0.36395759717314496,0.4533333333333333,0.4500000000000013,0.6901408450704224,5.3,1
2024-09-29,0.2508833922261484,0.7466666666666667,0.5722222222222229,0.49999999999999994,6.6,1
2024-09-30,0.2296819787985866,0.8266666666666667,0.7111111111111086,0.1725352112676056,1.9,1
2024-10-01,0.2508833922261484,0.8266666666666667,0.7444444444444431,0.1549295774647887,0.6,1
2024-10-02,0.303886925795053,0.5866666666666667,0.6888888888888877,0.1971830985915493,0.0,0
2024-10-03,0.43462897526501776,0.41333333333333333,0.4083333333333346,0.6478873239436619,3.0,1
2024-10-04,0.3180212014134276,0.7466666666666667,0.29444444444444506,0.4577464788732394,1.3,1
2024-10-05,0.2932862190812721,0.7733333333333333,0.30277777777777715,0.7147887323943661,0.8,1
2024-10-06,0.314487632508834,0.84,0.4444444444444444,0.4401408450704225,4.9,1
2024-10-07,0.27915194346289757,0.8533333333333334,0.5805555555555549,0.26408450704225356,0.2,0
2024-10-08,0.1943462897526502,0.56,0.7249999999999974,0.18661971830985913,0.0,0
2024-10-09,0.3392226148409895,0.4,0.5638888888888877,0.35563380281690143,0.0,0
2024-10-10,0.2932862190812721,0.52,0.6444444444444457,0.5070422535211266,0.0,0
2024-10-11,0.21554770318021202,0.6666666666666666,0.780555555555553,0.2957746478873239,0.0,0
2024-10-12,0.30742049469964666,0.6133333333333333,0.6805555555555556,0.13028169014084506,0.0,0
2024-10-13,0.44876325088339225,0.25333333333333335,0.4583333333333333,0.25,0.2,0
2024-10-14,0.4982332155477033,0.4666666666666667,0.37777777777777843,0.3838028169014084,0.0,0
2024-10-15,0.5689045936395761,0.4666666666666667,0.3333333333333333,0.5492957746478873,1.1,1
2024-10-16,0.6113074204946998,0.4533333333333333,0.26111111111111046,0.33802816901408456,0.1,0
2024-10-17,0.5583038869257951,0.6533333333333333,0.10277777777777904,0.3943661971830985,2.9,1
2024-10-18,0.3109540636042403,0.8133333333333334,0.27499999999999936,0.7323943661971831,4.0,1
2024-10-19,0.2508833922261484,0.8,0.5750000000000013,0.2676056338028169,0.0,0
2024-10-20,0.2968197879858658,0.8,0.6083333333333327,0.1725352112676056,0.0,0
2024-10-21,0.5053003533568905,0.5333333333333333,0.41944444444444506,0.2605633802816901,0.0,0
2024-10-22,0.40989399293286227,0.5866666666666667,0.3916666666666673,0.352112676056338,0.0,0
2024-10-23,0.2932862190812721,0.7066666666666667,0.44722222222222285,0.3732394366197183,0.0,0
2024-10-24,0.25795053003533575,0.5733333333333334,0.5833333333333334,0.39788732394366194,0.2,0
2024-10-25,0.24381625441696117,0.6533333333333333,0.6027777777777791,0.1549295774647887,0.0,0
2024-10-26,0.4558303886925795,0.32,0.4111111111111099,0.44718309859154926,0.0,0
2024-10-27,0.36042402826855124,0.56,0.4916666666666679,0.3626760563380282,0.0,0
2024-10-28,0.28621908127208484,0.6666666666666666,0.7083333333333334,0.352112676056338,0.0,0
2024-10-29,0.2968197879858658,0.6533333333333333,0.7000000000000013,0.19366197183098594,0.0,0
2024-10-30,0.37809187279151946,0.5066666666666667,0.49722222222222157,0.15140845070422534,0.0,0
2024-10-31,0.314487632508834,0.6933333333333334,0.46944444444444383,0.39084507042253525,0.0,0
2024-11-01,0.2968197879858658,0.49333333333333335,0.5416666666666666,0.24647887323943662,0.0,0
2024-11-02,0.5865724381625442,0.22666666666666666,0.28888888888888825,0.6373239436619718,0.8,1
2024-11-03,0.34275618374558303,0.6533333333333333,0.3611111111111111,0.3626760563380282,1.1,1
2024-11-04,0.32862190812720854,0.6133333333333333,0.4583333333333333,0.1549295774647887,0.2,0
2024-11-05,0.46643109540636046,0.5066666666666667,0.28888888888888825,0.4366197183098591,1.3,1
2024-11-06,0.4275618374558305,0.6666666666666666,0.2638888888888889,0.39788732394366194,0.1,0
2024-11-07,0.303886925795053,0.7066666666666667,0.352777777777779,0.482394366197183,5.0,1
2024-11-08,0.30742049469964666,0.5733333333333334,0.477777777777779,0.528169014084507,0.3,1
2024-11-09,0.2968197879858658,0.5866666666666667,0.5277777777777778,0.21126760563380284,0.0,0
2024-11-10,0.3710247349823322,0.6266666666666667,0.5555555555555556,0.23591549295774647,0.0,0
2024-11-11,0.519434628975265,0.49333333333333335,0.4027777777777778,0.2676056338028169,0.0,0
2024-11-12,0.441696113074205,0.7066666666666667,0.3416666666666654,0.3697183098591549,0.0,0
2024-11-13,0.3498233215547703,0.6,0.5083333333333321,0.43309859154929575,0.4,1
2024-11-14,0.28621908127208484,0.56,0.5833333333333334,0.2605633802816901,0.0,0
2024-11-15,0.4452296819787987,0.37333333333333335,0.44722222222222285,0.10211267605633803,0.0,0
2024-11-16,0.6749116607773853,0.17333333333333334,0.19444444444444445,0.5633802816901408,0.0,0
2024-11-17,0.3321554770318021,0.6,0.3916666666666673,0.6795774647887324,6.0,1
2024-11-18,0.32862190812720854,0.5866666666666667,0.6277777777777784,0.3943661971830985,0.0,0
2024-11-19,0.32862190812720854,0.56,0.6527777777777778,0.2605633802816901,0.0,0
2024-11-20,0.4558303886925795,0.44,0.566666666666666,0.21126760563380284,0.0,0
2024-11-21,0.7102473498233217,0.09333333333333334,0.45555555555555494,0.15845070422535212,0.0,0
2024-11-22,0.8551236749116609,0.06666666666666667,0.375,0.2992957746478873,0.0,0
2024-11-23,0.607773851590106,0.5333333333333333,0.4027777777777778,0.22535211267605632,5.2,1
2024-11-24,0.46289752650176685,0.8666666666666667,0.4361111111111124,0.1619718309859155,1.0,1
2024-11-25,0.4840989399293286,0.88,0.2972222222222235,0.06690140845070423,1.6,1
2024-11-26,0.628975265017668,0.56,0.11388888888888953,0.18661971830985913,0.4,1
2024-11-27,0.39222614840989406,0.7466666666666667,0.16388888888888825,0.6866197183098591,4.7,1
2024-11-28,0.3710247349823322,0.76,0.43333333333333396,0.3873239436619718,0.8,1
2024-11-29,0.39575971731448767,0.76,0.4027777777777778,0.1443661971830986,0.1,0
2024-11-30,0.4063604240282686,0.7733333333333333,0.2388888888888895,0.2429577464788732,0.0,0
2024-12-01,0.43109540636042404,0.6266666666666667,0.18333333333333396,0.20422535211267603,1.4,1
2024-12-02,0.5865724381625442,0.5333333333333333,0.005555555555556819,0.31338028169014076,2.8,1
2024-12-03,0.40989399293286227,0.7466666666666667,0.2194444444444438,0.30281690140845074,0.1,0
2024-12-04,0.48763250883392234,0.44,0.36388888888888954,0.15140845070422534,0.0,0
2024-12-05,0.8586572438162545,0.14666666666666667,0.3111111111111124,0.2676056338028169,0.0,0
2024-12-06,0.6784452296819788,0.4666666666666667,0.2999999999999987,0.30281690140845074,1.6,1
2024-12-07,0.508833922261484,0.6933333333333334,0.33611111111111175,0.3943661971830985,0.0,0
2024-12-08,0.3886925795053004,0.5866666666666667,0.46944444444444383,0.2605633802816901,0.0,0
2024-12-09,0.4558303886925795,0.5066666666666667,0.4166666666666667,0.17605633802816903,0.1,0
2024-12-10,0.441696113074205,0.5066666666666667,0.43333333333333396,0.35915492957746475,0.0,0
2024-12-11,0.39222614840989406,0.6,0.41944444444444506,0.25704225352112675,0.0,0
2024-12-12,0.441696113074205,0.6533333333333333,0.3111111111111124,0.18661971830985913,0.0,0
2024-12-13,0.4734982332155477,0.64,0.2861111111111099,0.2429577464788732,0.0,0
2024-12-14,0.5583038869257951,0.38666666666666666,0.2361111111111111,0.073943661971831,0.0,0
2024-12-15,0.8374558303886926,0.14666666666666667,0.16944444444444506,0.1795774647887324,0.0,0
2024-12-16,0.7879858657243818,0.25333333333333335,0.11388888888888953,0.5352112676056338,0.0,0
2024-12-17,0.44876325088339225,0.49333333333333335,0.4500000000000013,0.5457746478873239,0.0,0
2024-12-18,0.4911660777385159,0.4,0.49722222222222157,0.2676056338028169,0.0,0
2024-12-19,0.6148409893992933,0.26666666666666666,0.352777777777779,0.1725352112676056,0.0,0
2024-12-20,0.5335689045936397,0.41333333333333333,0.33055555555555494,0.38028169014084506,0.0,0
2024-12-21,0.441696113074205,0.4666666666666667,0.4027777777777778,0.42605633802816906,0.0,0
2024-12-22,0.3568904593639577,0.56,0.3694444444444432,0.4788732394366196,0.9,1
2024-12-23,0.36395759717314496,0.4,0.44722222222222285,0.46830985915492956,0.0,0
2024-12-24,0.46289752650176685,0.4666666666666667,0.43333333333333396,0.15845070422535212,0.0,0
2024-12-25,0.7703180212014136,0.06666666666666667,0.2444444444444432,0.3415492957746478,0.0,0
2024-12-26,0.5795053003533569,0.38666666666666666,0.1277777777777784,0.6161971830985915,0.7,1
2024-12-27,0.3816254416961131,0.5066666666666667,0.3277777777777765,0.48943661971830976,0.4,1
2024-12-28,0.39929328621908133,0.64,0.3888888888888889,0.5035211267605634,2.8,1
2024-12-29,0.42402826855123676,0.7066666666666667,0.48888888888888954,0.1408450704225352,0.1,0
2024-12-30,0.5017667844522968,0.5466666666666666,0.4833333333333327,0.1267605633802817,0.0,0
2024-12-31,0.4946996466431096,0.6,0.4638888888888901,0.18309859154929578,0.0,0
2025-01-01,0.4593639575971732,0.56,0.5194444444444457,0.39788732394366194,0.0,0
2025-01-02,0.46643109540636046,0.41333333333333333,0.566666666666666,0.27112676056338025,0.0,0
2025-01-03,0.6431095406360424,0.22666666666666666,0.3805555555555568,0.010563380281690134,0.0,0
2025-01-04,0.7915194346289753,0.02666666666666667,0.2583333333333321,0.1091549295774648,0.0,0
2025-01-05,0.6501766784452297,0.38666666666666666,0.3055555555555556,0.306338028169014,2.2,1
2025-01-06,0.39575971731448767,0.6933333333333334,0.5416666666666666,0.4753521126760563,3.6,1
2025-01-07,0.4063604240282686,0.52,0.566666666666666,0.2429577464788732,0.0,0
2025-01-08,0.5583038869257951,0.44,0.3694444444444432,0.1408450704225352,0.0,0
2025-01-09,0.607773851590106,0.29333333333333333,0.3277777777777765,0.2605633802816901,0.0,0
2025-01-10,0.6113074204946998,0.41333333333333333,0.33611111111111175,0.27112676056338025,0.0,0
2025-01-11,0.6325088339222615,0.37333333333333335,0.2305555555555543,0.20070422535211266,0.0,0
2025-01-12,0.6855123674911661,0.32,0.1722222222222235,0.25,0.0,0
2025-01-13,0.5971731448763251,0.49333333333333335,0.16666666666666666,0.13028169014084506,0.0,0
2025-01-14,0.5759717314487633,0.6666666666666666,0.1277777777777784,0.1056338028169014,2.3,1
2025-01-15,0.46643109540636046,0.5733333333333334,0.19166666666666604,0.5985915492957746,1.1,1
2025-01-16,0.43462897526501776,0.5333333333333333,0.4166666666666667,0.35915492957746475,0.0,0
2025-01-17,0.5441696113074205,0.5333333333333333,0.477777777777779,0.21830985915492956,0.0,0
2025-01-18,0.7067137809187279,0.17333333333333334,0.4027777777777778,0.306338028169014,0.0,0
2025-01-19,0.8303886925795054,0.05333333333333334,0.3416666666666654,0.23591549295774647,0.0,0
2025-01-20,0.6925795053003535,0.28,0.2555555555555568,0.22887323943661972,0.0,0
2025-01-21,0.530035335689046,0.5866666666666667,0.2666666666666673,0.45422535211267595,0.0,0
2025-01-22,0.4946996466431096,0.52,0.3583333333333327,0.4436619718309858,0.0,0
2025-01-23,0.4275618374558305,0.5333333333333333,0.32222222222222285,0.2323943661971831,0.1,0
2025-01-24,0.46289752650176685,0.49333333333333335,0.397222222222221,0.28873239436619713,0.0,0
2025-01-25,0.5265017667844523,0.48,0.375,0.2077464788732394,0.0,0
2025-01-26,0.7208480565371025,0.26666666666666666,0.2666666666666673,0.09859154929577463,0.0,0
2025-01-27,0.7385159010600707,0.3333333333333333,0.17777777777777715,0.5422535211267605,0.0,0
2025-01-28,0.5017667844522968,0.4533333333333333,0.4805555555555543,0.48591549295774644,0.0,0
2025-01-29,0.441696113074205,0.49333333333333335,0.5083333333333321,0.38028169014084506,0.0,0
2025-01-30,0.4452296819787987,0.48,0.4666666666666654,0.352112676056338,0.0,0
2025-01-31,0.5159010600706715,0.4533333333333333,0.4583333333333333,0.1901408450704225,0.0,0
2025-02-01,0.6537102473498234,0.3466666666666667,0.33611111111111175,0.23943661971830985,0.0,0
2025-02-02,0.8268551236749117,0.08,0.2444444444444432,0.28873239436619713,0.0,0
2025-02-03,0.9187279151943464,0.16,0.19166666666666604,0.1901408450704225,0.0,0
2025-02-04,0.6890459363957598,0.41333333333333333,0.25277777777777843,0.39084507042253525,0.0,0
2025-02-05,0.5265017667844523,0.4533333333333333,0.3250000000000013,0.34507042253521125,0.0,0
2025-02-06,0.6113074204946998,0.41333333333333333,0.2388888888888895,0.09859154929577463,0.0,0
2025-02-07,0.519434628975265,0.5733333333333334,0.27499999999999936,0.43309859154929575,0.0,0
2025-02-08,0.4734982332155477,0.5066666666666667,0.30833333333333396,0.44718309859154926,0.0,0
2025-02-09,0.5229681978798587,0.4666666666666667,0.272222222222221,0.4190140845070422,0.0,0
2025-02-10,0.628975265017668,0.4533333333333333,0.2361111111111111,0.2323943661971831,0.0,0
2025-02-11,0.8339222614840991,0.12,0.18055555555555555,0.2676056338028169,0.0,0
2025-02-12,1.0,0.013333333333333334,0.07500000000000126,0.31338028169014076,0.0,0
2025-02-13,0.5653710247349824,0.5866666666666667,0.1722222222222235,0.5704225352112675,0.6,1
2025-02-14,0.441696113074205,0.6133333333333333,0.3194444444444444,0.48591549295774644,2.1,1
2025-02-15,0.3851590106007067,0.4533333333333333,0.4361111111111124,0.5633802816901408,0.1,0
2025-02-16,0.37809187279151946,0.37333333333333335,0.5361111111111099,0.25704225352112675,0.0,0
2025-02-17,0.4911660777385159,0.25333333333333335,0.5111111111111105,0.1971830985915493,0.0,0
2025-02-18,0.4522968197879859,0.5066666666666667,0.5249999999999994,0.39788732394366194,0.0,0
2025-02-19,0.3851590106007067,0.5066666666666667,0.5777777777777765,0.39084507042253525,0.0,0
2025-02-20,0.441696113074205,0.4533333333333333,0.5944444444444438,0.2077464788732394,0.0,0
2025-02-21,0.5971731448763251,0.24,0.4638888888888901,0.0880281690140845,0.0,0
2025-02-22,0.7597173144876326,0.14666666666666667,0.2916666666666667,0.4084507042253521,0.5,1
2025-02-23,0.4911660777385159,0.6,0.4722222222222222,0.43309859154929575,1.0,1
2025-02-24,0.46643109540636046,0.5733333333333334,0.5944444444444438,0.2676056338028169,0.0,0
2025-02-25,0.6113074204946998,0.3333333333333333,0.5277777777777778,0.0880281690140845,0.0,0
2025-02-26,0.5971731448763251,0.3466666666666667,0.49722222222222157,0.18309859154929578,0.0,0
2025-02-27,0.5865724381625442,0.5333333333333333,0.4583333333333333,0.1408450704225352,0.0,0
2025-02-28,0.628975265017668,0.52,0.4361111111111124,0.1443661971830986,0.0,0
2025-03-01,0.4734982332155477,0.6533333333333333,0.4527777777777765,0.18661971830985913,0.0,0
2025-03-02,0.44876325088339225,0.5733333333333334,0.5222222222222209,0.30281690140845074,0.0,0
2025-03-03,0.4734982332155477,0.4533333333333333,0.5305555555555562,0.13028169014084506,0.0,0
2025-03-04,0.5901060070671379,0.24,0.45555555555555494,0.1056338028169014,0.0,0
2025-03-05,0.5689045936395761,0.30666666666666664,0.5277777777777778,0.35563380281690143,0.0,0
2025-03-06,0.4946996466431096,0.56,0.5777777777777765,0.4084507042253521,0.0,0
2025-03-07,0.6395759717314489,0.49333333333333335,0.46111111111111175,0.19366197183098594,0.0,0
2025-03-08,0.8197879858657244,0.13333333333333333,0.3694444444444432,0.39084507042253525,0.0,0
2025-03-09,0.7985865724381627,0.17333333333333334,0.33055555555555494,0.11971830985915494,0.0,0
2025-03-10,0.8021201413427562,0.37333333333333335,0.3666666666666679,0.2816901408450704,0.0,0
2025-03-11,0.6219081272084807,0.7066666666666667,0.4666666666666654,0.15845070422535212,0.0,0
2025-03-12,0.628975265017668,0.64,0.4805555555555543,0.28873239436619713,0.0,0
2025-03-13,0.5583038869257951,0.56,0.4666666666666654,0.1232394366197183,0.0,0
2025-03-14,0.6890459363957598,0.3466666666666667,0.4500000000000013,0.11619718309859153,0.0,0
2025-03-15,0.8551236749116609,0.16,0.3277777777777765,0.2992957746478873,0.0,0
2025-03-16,0.4911660777385159,0.5066666666666667,0.46944444444444383,0.5563380281690141,0.9,1
2025-03-17,0.3710247349823322,0.4,0.6805555555555556,0.35915492957746475,0.0,0
2025-03-18,0.41696113074204955,0.4,0.5222222222222209,0.16901408450704222,0.0,0
2025-03-19,0.6325088339222615,0.08,0.33611111111111175,0.22887323943661972,0.0,0
2025-03-20,0.5371024734982333,0.6133333333333333,0.3194444444444444,0.3204225352112676,9.1,1
2025-03-21,0.4204946996466431,0.7066666666666667,0.477777777777779,0.18309859154929578,0.0,0
2025-03-22,0.37809187279151946,0.64,0.5166666666666673,0.16901408450704222,0.0,0
2025-03-23,0.4558303886925795,0.52,0.5083333333333321,0.1549295774647887,0.0,0
2025-03-24,0.4699646643109541,0.5733333333333334,0.5472222222222235,0.18661971830985913,0.0,0
2025-03-25,0.4840989399293286,0.56,0.5222222222222209,0.1408450704225352,0.0,0
2025-03-26,0.5618374558303887,0.4533333333333333,0.5222222222222209,0.21126760563380284,0.0,0
2025-03-27,0.5512367491166079,0.4533333333333333,0.5111111111111105,0.11267605633802817,0.0,0
2025-03-28,0.6713780918727916,0.28,0.39999999999999936,0.1408450704225352,0.5,1
2025-03-29,0.530035335689046,0.48,0.4305555555555556,0.2992957746478873,0.0,0
2025-03-30,0.41696113074204955,0.5866666666666667,0.5305555555555562,0.42605633802816906,0.0,0
2025-03-31,0.39575971731448767,0.5466666666666666,0.5111111111111105,0.4788732394366196,0.0,0
2025-04-01,0.46289752650176685,0.4,0.37777777777777843,0.26408450704225356,0.0,0
2025-04-02,0.43109540636042404,0.4666666666666667,0.3055555555555556,0.22535211267605632,0.0,0
2025-04-03,0.3710247349823322,0.6266666666666667,0.4805555555555543,0.2852112676056338,0.5,1
2025-04-04,0.303886925795053,0.5866666666666667,0.5888888888888901,0.18309859154929578,0.1,0
2025-04-05,0.3356890459363958,0.6266666666666667,0.6138888888888895,0.09507042253521127,0.0,0
2025-04-06,0.3710247349823322,0.6,0.5611111111111123,0.20422535211267603,0.4,1
2025-04-07,0.36042402826855124,0.6133333333333333,0.6722222222222235,0.1725352112676056,0.2,0
2025-04-08,0.30742049469964666,0.6,0.6833333333333308,0.11619718309859153,0.0,0
2025-04-09,0.3745583038869259,0.48,0.5527777777777771,0.1091549295774648,0.7,1
2025-04-10,0.5583038869257951,0.30666666666666664,0.477777777777779,0.2957746478873239,0.0,0
2025-04-11,0.48056537102473507,0.64,0.6333333333333321,0.14788732394366197,0.0,0
2025-04-12,0.628975265017668,0.25333333333333335,0.6583333333333345,0.1056338028169014,0.0,0
2025-04-13,0.7102473498233217,0.12,0.625,0.20070422535211266,0.0,0
2025-04-14,0.6713780918727916,0.2,0.6055555555555543,0.17605633802816903,0.0,0
2025-04-15,0.6996466431095407,0.14666666666666667,0.5388888888888883,0.1795774647887324,0.0,0
2025-04-16,0.6431095406360424,0.22666666666666666,0.47500000000000064,0.10211267605633803,0.0,0
2025-04-17,0.5123674911660778,0.56,0.3916666666666673,0.0528169014084507,0.0,0
2025-04-18,0.5618374558303887,0.49333333333333335,0.25277777777777843,0.0387323943661972,0.0,0
2025-04-19,0.508833922261484,0.49333333333333335,0.1555555555555562,0.5316901408450703,4.6,1
2025-04-20,0.3109540636042403,0.7333333333333333,0.352777777777779,0.6690140845070423,3.0,1
2025-04-21,0.3003533568904594,0.6933333333333334,0.6305555555555569,0.528169014084507,0.3,1
2025-04-22,0.28621908127208484,0.7333333333333333,0.7361111111111112,0.16901408450704222,0.1,0
2025-04-23,0.27561837455830396,0.8533333333333334,0.6111111111111112,0.0528169014084507,0.0,0
2025-04-24,0.37809187279151946,0.5866666666666667,0.4388888888888876,0.06338028169014083,0.0,0
2025-04-25,0.3710247349823322,0.6666666666666666,0.34444444444444383,0.04225352112676057,0.3,1
2025-04-26,0.3568904593639577,0.7333333333333333,0.46944444444444383,0.3169014084507042,0.0,0
2025-04-27,0.30742049469964666,0.72,0.5472222222222235,0.15845070422535212,0.1,0
2025-04-28,0.314487632508834,0.7866666666666666,0.5638888888888877,0.049295774647887335,0.0,0
2025-04-29,0.2826855123674912,0.8266666666666667,0.6583333333333345,0.09859154929577463,3.7,1
2025-04-30,0.2508833922261484,0.68,0.8138888888888877,0.21126760563380284,0.0,0
2025-05-01,0.21908127208480566,0.68,0.8694444444444431,0.049295774647887335,0.0,0
2025-05-02,0.2826855123674912,0.48,0.8333333333333334,0.15140845070422534,0.0,0
2025-05-03,0.39929328621908133,0.24,0.7555555555555569,0.36619718309859145,0.0,0
2025-05-04,0.46643109540636046,0.29333333333333333,0.6472222222222209,0.44718309859154926,0.0,0
2025-05-05,0.48763250883392234,0.41333333333333333,0.5444444444444451,0.4295774647887323,0.0,0
2025-05-06,0.3886925795053004,0.8133333333333334,0.5194444444444457,0.3169014084507042,0.6,1
2025-05-07,0.32155477031802127,0.7733333333333333,0.6222222222222216,0.4190140845070422,1.7,1
2025-05-08,0.20141342756183744,0.7066666666666667,0.8527777777777791,0.0704225352112676,0.0,0
2025-05-09,0.20848056537102477,0.64,0.8583333333333358,0.0704225352112676,0.0,0
2025-05-10,0.27561837455830396,0.48,0.7555555555555569,0.0915492957746479,0.0,0
2025-05-11,0.3109540636042403,0.48,0.6916666666666692,0.08098591549295774,0.0,0
2025-05-12,0.2932862190812721,0.4,0.6944444444444444,0.04577464788732393,0.0,0
2025-05-13,0.3321554770318021,0.4533333333333333,0.6527777777777778,0.0352112676056338,0.0,0
2025-05-14,0.265017667844523,0.72,0.6638888888888883,0.1267605633802817,0.0,0
2025-05-15,0.26148409893992935,0.68,0.6749999999999987,0.08098591549295774,0.0,0
2025-05-16,0.22614840989399296,0.8266666666666667,0.5916666666666655,0.13380281690140844,1.4,1
2025-05-17,0.18727915194346295,0.8,0.6611111111111099,0.19366197183098594,1.3,1
2025-05-18,0.12014134275618377,0.6266666666666667,0.8833333333333321,0.1443661971830986,0.0,0
2025-05-19,0.0706713780918728,0.6,0.8833333333333321,0.010563380281690134,0.0,0
2025-05-20,0.1590106007067138,0.5066666666666667,0.7999999999999987,0.11971830985915494,0.0,0
2025-05-21,0.17314487632508838,0.64,0.75,0.07746478873239436,0.0,0
2025-05-22,0.16607773851590105,0.52,0.6388888888888888,0.06338028169014083,0.0,0
2025-05-23,0.1590106007067138,0.6,0.4249999999999987,0.09859154929577463,0.0,0
2025-05-24,0.2473498233215548,0.6,0.2972222222222235,0.4964788732394365,2.7,1
2025-05-25,0.2932862190812721,0.5733333333333334,0.25277777777777843,0.4295774647887323,0.0,0
2025-05-26,0.23321554770318023,0.68,0.14722222222222095,0.9718309859154928,25.4,1
2025-05-27,0.23321554770318023,0.7866666666666666,0.5,0.6267605633802816,7.7,1
2025-05-28,0.23321554770318023,0.8,0.7388888888888864,0.22887323943661972,0.0,0
2025-05-29,0.2296819787985866,0.8133333333333334,0.7388888888888864,0.16549295774647887,0.0,0
2025-05-30,0.17314487632508838,0.8933333333333333,0.7861111111111099,0.007042253521126766,0.0,0
2025-05-31,0.13427561837455834,0.8133333333333334,0.7416666666666679,0.0211267605633803,0.0,0
2025-06-01,0.21908127208480566,0.5866666666666667,0.5750000000000013,0.18309859154929578,0.0,0
2025-06-02,0.22614840989399296,0.68,0.4361111111111124,0.06338028169014083,0.0,0
2025-06-03,0.1943462897526502,0.8133333333333334,0.5388888888888883,0.1725352112676056,1.5,1
2025-06-04,0.10247349823321557,0.6266666666666667,0.7138888888888901,0.11971830985915494,0.0,0
2025-06-05,0.1590106007067138,0.44,0.5527777777777771,0.4295774647887323,1.2,1
2025-06-06,0.18374558303886926,0.72,0.30833333333333396,0.7992957746478873,12.5,1
2025-06-07,0.17667844522968199,0.7733333333333333,0.3194444444444444,0.9014084507042253,26.0,1
2025-06-08,0.10247349823321557,0.6933333333333334,0.3805555555555568,0.5105633802816901,2.7,1
2025-06-09,0.13074204946996465,0.8266666666666667,0.4500000000000013,0.14788732394366197,2.2,1
2025-06-10,0.16961130742049474,0.88,0.45555555555555494,0.1795774647887324,2.7,1
2025-06-11,0.1413427561837456,0.8266666666666667,0.4444444444444444,0.21830985915492956,0.0,0
2025-06-12,0.16607773851590105,0.6666666666666666,0.4805555555555543,0.1971830985915493,0.0,0
2025-06-13,0.12014134275618377,0.76,0.6472222222222209,0.0915492957746479,0.0,0
2025-06-14,0.13427561837455834,0.76,0.477777777777779,0.4788732394366196,6.1,1
2025-06-15,0.15194346289752655,0.7866666666666666,0.5527777777777771,0.27112676056338025,0.5,1
2025-06-16,0.19081272084805656,0.7466666666666667,0.5444444444444451,0.5774647887323943,0.5,1
2025-06-17,0.18021201413427562,0.8,0.705555555555558,0.15845070422535212,0.8,1
2025-06-18,0.13427561837455834,0.7733333333333333,0.705555555555558,0.1795774647887324,0.0,0
2025-06-19,0.17314487632508838,0.7333333333333333,0.6666666666666666,0.19366197183098594,0.0,0
2025-06-20,0.18021201413427562,0.68,0.705555555555558,0.16549295774647887,0.0,0
2025-06-21,0.20848056537102477,0.52,0.6861111111111123,0.2605633802816901,0.0,0
2025-06-22,0.27915194346289757,0.5333333333333333,0.4527777777777765,0.482394366197183,3.7,1
2025-06-23,0.22261484098939935,0.6133333333333333,0.20555555555555494,0.6936619718309859,14.4,1
2025-06-24,0.127208480565371,0.8266666666666667,0.1722222222222235,0.9330985915492958,20.8,1
2025-06-25,0.20848056537102477,0.7466666666666667,0.5527777777777771,0.6901408450704224,3.3,1
2025-06-26,0.15547703180212016,0.9066666666666666,0.8583333333333358,0.007042253521126766,0.0,0
2025-06-27,0.127208480565371,0.8933333333333333,0.8916666666666642,0.0,0.0,0
2025-06-28,0.11307420494699645,0.9466666666666667,0.8166666666666692,0.04577464788732393,0.5,1
2025-06-29,0.14840989399293286,0.9066666666666666,0.7888888888888914,0.1901408450704225,1.8,1
2025-06-30,0.08833922261484099,0.76,0.8499999999999974,0.1091549295774648,0.0,0
2025-07-01,0.031802120141342774,0.9333333333333333,0.7750000000000026,0.007042253521126766,0.0,0
2025-07-02,0.04240282685512366,0.96,0.6361111111111105,0.0563380281690141,0.0,0
2025-07-03,0.13427561837455834,0.6933333333333334,0.5,0.18661971830985913,0.0,0
2025-07-04,0.21908127208480566,0.5066666666666667,0.3416666666666654,0.3943661971830985,0.1,0
2025-07-05,0.20848056537102477,0.6,0.2666666666666673,0.35563380281690143,0.1,0
2025-07-06,0.13074204946996465,0.88,0.4249999999999987,0.09507042253521127,0.0,0
2025-07-07,0.18021201413427562,0.8133333333333334,0.4305555555555556,0.3943661971830985,1.6,1
2025-07-08,0.19787985865724383,0.6266666666666667,0.16111111111110984,0.7676056338028169,4.1,1
2025-07-09,0.09187279151943463,0.8933333333333333,0.08611111111111175,0.7253521126760563,28.2,1
2025-07-10,0.16254416961130744,0.76,0.37222222222222157,0.5880281690140844,10.7,1
2025-07-11,0.21201413427561838,0.9466666666666667,0.6194444444444431,0.4049295774647887,2.9,1
2025-07-12,0.18727915194346295,0.84,0.6666666666666666,0.306338028169014,0.4,1
2025-07-13,0.18374558303886926,0.6933333333333334,0.4583333333333333,0.48943661971830976,1.4,1
2025-07-14,0.13427561837455834,0.8133333333333334,0.4305555555555556,0.24647887323943662,3.5,1
2025-07-15,0.1236749116607774,0.9333333333333333,0.4166666666666667,0.05985915492957747,0.6,1
2025-07-16,0.15547703180212016,0.8933333333333333,0.5166666666666673,0.2605633802816901,1.5,1
2025-07-17,0.14840989399293286,0.8266666666666667,0.5499999999999987,0.1971830985915493,6.6,1
2025-07-18,0.08833922261484099,0.72,0.5611111111111123,0.2605633802816901,0.0,0
2025-07-19,0.1236749116607774,0.7866666666666666,0.47500000000000064,0.306338028169014,1.1,1
2025-07-20,0.14487632508833923,0.76,0.5416666666666666,0.22887323943661972,0.0,0
2025-07-21,0.18374558303886926,0.49333333333333335,0.2305555555555543,0.5985915492957746,0.3,1
2025-07-22,0.127208480565371,0.72,0.125,0.8028169014084506,8.1,1
2025-07-23,0.10247349823321557,0.84,0.4666666666666654,0.19366197183098594,10.6,1
2025-07-24,0.14840989399293286,0.5733333333333334,0.4638888888888901,0.3943661971830985,0.0,0
2025-07-25,0.10600706713780919,0.8,0.0027777777777784093,0.7147887323943661,24.9,1
2025-07-26,0.1590106007067138,0.9066666666666666,0.0,0.7288732394366196,13.2,1
2025-07-27,0.15547703180212016,0.8,0.30277777777777715,0.7077464788732393,8.2,1
2025-07-28,0.13074204946996465,0.76,0.3833333333333321,0.13732394366197184,0.5,1
2025-07-29,0.10600706713780919,0.76,0.3916666666666673,0.1267605633802817,1.2,1
2025-07-30,0.08480565371024737,0.8133333333333334,0.5722222222222229,0.1232394366197183,0.5,1
2025-07-31,0.07420494699646643,0.76,0.705555555555558,0.1267605633802817,0.0,0
2025-08-01,0.08127208480565375,0.7733333333333333,0.7638888888888888,0.21126760563380284,0.1,0
2025-08-02,0.03886925795053003,0.8666666666666667,0.7472222222222248,0.0387323943661972,0.0,0
2025-08-03,0.14487632508833923,0.64,0.566666666666666,0.4401408450704225,0.0,0
2025-08-04,0.18727915194346295,0.6266666666666667,0.3111111111111124,0.7288732394366196,12.4,1
2025-08-05,0.17667844522968199,0.8266666666666667,0.5,0.4612676056338027,1.7,1
2025-08-06,0.15194346289752655,0.8933333333333333,0.6777777777777803,0.20070422535211266,5.2,1
2025-08-07,0.10247349823321557,0.72,0.8277777777777765,0.1725352112676056,0.0,0
2025-08-08,0.08833922261484099,0.6533333333333333,0.8694444444444431,0.1443661971830986,0.0,0
2025-08-09,0.14840989399293286,0.84,0.7833333333333345,0.0915492957746479,0.2,0
2025-08-10,0.2508833922261484,0.76,0.6722222222222235,0.16901408450704222,0.0,0
2025-08-11,0.28621908127208484,0.7066666666666667,0.5861111111111117,0.31338028169014076,0.5,1
2025-08-12,0.18374558303886926,0.8933333333333333,0.6972222222222197,0.17605633802816903,1.1,1
2025-08-13,0.11660777385159014,0.96,0.8250000000000013,0.04577464788732393,0.0,0
2025-08-14,0.21908127208480566,0.6666666666666666,0.6472222222222209,0.32394366197183094,0.0,0
2025-08-15,0.1943462897526502,0.6933333333333334,0.49722222222222157,0.584507042253521,5.4,1
2025-08-16,0.127208480565371,0.72,0.566666666666666,0.4612676056338027,8.3,1
2025-08-17,0.10600706713780919,0.7733333333333333,0.5527777777777771,0.35915492957746475,12.4,1
2025-08-18,0.09187279151943463,0.7466666666666667,0.8111111111111123,0.15845070422535212,0.0,0
2025-08-19,0.127208480565371,0.6133333333333333,0.8250000000000013,0.18309859154929578,0.0,0
2025-08-20,0.19787985865724383,0.5466666666666666,0.7277777777777791,0.3732394366197183,0.0,0
2025-08-21,0.2473498233215548,0.5333333333333333,0.6055555555555543,0.4436619718309858,0.0,0
2025-08-22,0.22614840989399296,0.7066666666666667,0.5611111111111123,0.22183098591549294,0.2,0
2025-08-23,0.14487632508833923,0.9733333333333334,0.6861111111111123,0.05985915492957747,0.0,0
2025-08-24,0.24381625441696117,0.6666666666666666,0.5972222222222222,0.29225352112676056,0.0,0
2025-08-25,0.3180212014134276,0.5333333333333333,0.31666666666666604,0.5457746478873239,5.0,1
2025-08-26,0.26148409893992935,0.8266666666666667,0.1222222222222216,0.4577464788732394,10.6,1
2025-08-27,0.16607773851590105,0.7866666666666666,0.18611111111111237,0.6901408450704224,18.1,1
2025-08-28,0.15547703180212016,0.8666666666666667,0.27499999999999936,0.7288732394366196,20.1,1
2025-08-29,0.10600706713780919,0.7333333333333333,0.25,1.0,22.2,1
2025-08-30,0.127208480565371,0.68,0.7777777777777778,0.42605633802816906,0.0,0
2025-08-31,0.13780918727915198,0.9333333333333333,0.8194444444444444,0.11619718309859153,5.4,1
2025-09-01,0.13780918727915198,0.92,0.7305555555555543,0.0211267605633803,2.4,1
2025-09-02,0.19787985865724383,0.76,0.5861111111111117,0.30281690140845074,0.0,0
2025-09-03,0.19081272084805656,0.8533333333333334,0.5222222222222209,0.16901408450704222,1.0,1
2025-09-04,0.16254416961130744,0.84,0.5861111111111117,0.2077464788732394,1.2,1
2025-09-05,0.18727915194346295,0.5733333333333334,0.6166666666666679,0.4753521126760563,0.0,0
2025-09-06,0.43109540636042404,0.38666666666666666,0.3611111111111111,0.7147887323943661,0.0,0
2025-09-07,0.36395759717314496,0.6933333333333334,0.2916666666666667,0.3943661971830985,3.2,1
2025-09-08,0.21201413427561838,0.8266666666666667,0.46944444444444383,0.16549295774647887,0.0,0
2025-09-09,0.15194346289752655,0.8666666666666667,0.42777777777777715,0.11267605633802817,8.8,1
2025-09-10,0.15547703180212016,0.8266666666666667,0.45555555555555494,0.37676056338028163,5.9,1
2025-09-11,0.17314487632508838,0.8266666666666667,0.6722222222222235,0.2429577464788732,0.4,1
2025-09-12,0.1413427561837456,0.8666666666666667,0.7999999999999987,0.0352112676056338,1.0,1
2025-09-13,0.17667844522968199,0.76,0.7305555555555543,0.16901408450704222,0.0,0
2025-09-14,0.303886925795053,0.4666666666666667,0.46944444444444383,0.49999999999999994,0.0,0
2025-09-15,0.37809187279151946,0.48,0.2222222222222222,0.5985915492957746,3.4,1
2025-09-16,0.22261484098939935,0.76,0.36388888888888954,0.5316901408450703,4.3,1
2025-09-17,0.1943462897526502,0.72,0.5694444444444444,0.2077464788732394,0.3,1
2025-09-18,0.3180212014134276,0.5333333333333333,0.4861111111111111,0.3415492957746478,0.0,0
2025-09-19,0.2296819787985866,0.7866666666666666,0.3888888888888889,0.44718309859154926,7.5,1
2025-09-20,0.18727915194346295,0.7333333333333333,0.5083333333333321,0.5176056338028169,1.0,1
2025-09-21,0.21554770318021202,0.9066666666666666,0.5805555555555549,0.43309859154929575,3.9,1
2025-09-22,0.1943462897526502,0.68,0.8333333333333334,0.2992957746478873,0.0,0
2025-09-23,0.16254416961130744,0.8266666666666667,0.8972222222222209,0.1619718309859155,0.0,0
2025-09-24,0.22614840989399296,0.8666666666666667,0.75,0.18661971830985913,0.7,1
2025-09-25,0.27208480565371024,0.7466666666666667,0.5194444444444457,0.18661971830985913,0.1,0
2025-09-26,0.2826855123674912,0.7333333333333333,0.3694444444444432,0.3274647887323944,0.0,0
2025-09-27,0.22261484098939935,0.76,0.4222222222222235,0.23591549295774647,0.7,1
2025-09-28,0.23674911660777384,0.8133333333333334,0.47500000000000064,0.0880281690140845,8.0,1
2025-09-29,0.3392226148409895,0.6533333333333333,0.2694444444444457,0.3943661971830985,4.4,1
2025-09-30,0.21554770318021202,0.8266666666666667,0.2388888888888895,0.5140845070422534,12.7,1
2025-10-01,0.22614840989399296,0.7466666666666667,0.3111111111111124,0.6901408450704224,9.8,1
2025-10-02,0.21201413427561838,0.6933333333333334,0.477777777777779,0.6478873239436619,1.7,1
2025-10-03,0.265017667844523,0.76,0.6527777777777778,0.1549295774647887,0.2,0
2025-10-04,0.4522968197879859,0.4666666666666667,0.5305555555555562,0.3309859154929577,0.0,0
2025-10-05,0.42402826855123676,0.5333333333333333,0.4027777777777778,0.4225352112676056,5.2,1
2025-10-06,0.21201413427561838,0.7466666666666667,0.5499999999999987,0.278169014084507,6.7,1
2025-10-07,0.21201413427561838,0.68,0.46111111111111175,0.1408450704225352,0.0,0
2025-10-08,0.25795053003533575,0.7733333333333333,0.2833333333333346,0.25704225352112675,1.3,1
2025-10-09,0.27915194346289757,0.6933333333333334,0.36388888888888954,0.48943661971830976,0.7,1
2025-10-10,0.3003533568904594,0.7066666666666667,0.40555555555555617,0.5809859154929577,0.6,1
2025-10-11,0.26855123674911663,0.7733333333333333,0.41944444444444506,0.37676056338028163,2.1,1
2025-10-12,0.254416961130742,0.7733333333333333,0.46944444444444383,0.36619718309859145,0.3,1
2025-10-13,0.21908127208480566,0.6933333333333334,0.5694444444444444,0.073943661971831,0.1,0
2025-10-14,0.24381625441696117,0.7733333333333333,0.6000000000000006,0.08098591549295774,0.4,1
2025-10-15,0.35335689045936397,0.5333333333333333,0.4916666666666679,0.07746478873239436,0.0,0
2025-10-16,0.44876325088339225,0.52,0.36388888888888954,0.4154929577464789,3.5,1
2025-10-17,0.3003533568904594,0.8,0.5,0.1619718309859155,0.3,1
2025-10-18,0.39929328621908133,0.5333333333333333,0.397222222222221,0.1232394366197183,0.0,0
2025-10-19,0.5229681978798587,0.4,0.2194444444444438,0.29225352112676056,0.9,1
2025-10-20,0.3498233215547703,0.8933333333333333,0.3250000000000013,0.073943661971831,4.5,1
2025-10-21,0.3710247349823322,0.8933333333333333,0.18611111111111237,0.4612676056338027,21.2,1
2025-10-22,0.27915194346289757,0.7733333333333333,0.2777777777777778,0.6936619718309859,5.1,1
2025-10-23,0.2508833922261484,0.76,0.4944444444444432,0.06338028169014083,0.0,0
2025-10-24,0.27561837455830396,0.76,0.4666666666666654,0.0352112676056338,0.0,0
2025-10-25,0.40989399293286227,0.8133333333333334,0.25277777777777843,0.23591549295774647,6.9,1
2025-10-26,0.35335689045936397,0.8133333333333334,0.14722222222222095,0.5809859154929577,11.2,1
2025-10-27,0.27208480565371024,0.7066666666666667,0.352777777777779,0.35563380281690143,0.5,1
2025-10-28,0.20141342756183744,0.5866666666666667,0.47500000000000064,0.20422535211267603,0.0,0
2025-10-29,0.25795053003533575,0.6933333333333334,0.4249999999999987,0.014084507042253532,0.0,0
2025-10-30,0.34628975265017675,0.7066666666666667,0.3250000000000013,0.1619718309859155,3.6,1
2025-10-31,0.39222614840989406,0.8,0.3666666666666679,0.278169014084507,2.4,1
2025-11-01,0.4028268551236749,0.7333333333333333,0.352777777777779,0.073943661971831,0.0,0
2025-11-02,0.39575971731448767,0.6666666666666666,0.20555555555555494,0.43309859154929575,2.2,1
2025-11-03,0.16254416961130744,0.72,0.2472222222222216,0.482394366197183,14.0,1
2025-11-04,0.20848056537102477,0.6666666666666666,0.3805555555555568,0.6760563380281689,4.2,1
2025-11-05,0.26855123674911663,0.68,0.47500000000000064,0.21830985915492956,0.1,0
2025-11-06,0.3674911660777385,0.56,0.2666666666666673,0.4225352112676056,1.3,1
2025-11-07,0.34628975265017675,0.7466666666666667,0.18611111111111237,0.45422535211267595,0.2,0
2025-11-08,0.21908127208480566,0.6133333333333333,0.5249999999999994,0.5387323943661971,0.0,0
2025-11-09,0.22614840989399296,0.76,0.5944444444444438,0.30281690140845074,0.3,1
2025-11-10,0.254416961130742,0.6533333333333333,0.5472222222222235,0.3309859154929577,0.9,1
2025-11-11,0.20494699646643114,0.5866666666666667,0.6111111111111112,0.4190140845070422,1.8,1
2025-11-12,0.27208480565371024,0.4266666666666667,0.4833333333333327,0.1056338028169014,0.0,0
2025-11-13,0.35335689045936397,0.49333333333333335,0.2583333333333321,0.15845070422535212,1.2,1
2025-11-14,0.3674911660777385,0.72,0.1527777777777778,0.073943661971831,0.3,1
2025-11-15,0.30742049469964666,0.8,0.19444444444444445,0.15845070422535212,0.2,0
2025-11-16,0.2826855123674912,0.72,0.27499999999999936,0.7112676056338028,3.0,1
2025-11-17,0.28975265017667845,0.7733333333333333,0.352777777777779,0.6197183098591548,2.2,1
2025-11-18,0.3392226148409895,0.8266666666666667,0.352777777777779,0.2605633802816901,1.5,1
2025-11-19,0.3003533568904594,0.76,0.3611111111111111,0.2852112676056338,1.0,1
2025-11-20,0.26148409893992935,0.5466666666666666,0.48888888888888954,0.35563380281690143,0.0,0
2025-11-21,0.36395759717314496,0.32,0.46111111111111175,0.3274647887323944,1.4,1
2025-11-22,0.3674911660777385,0.6266666666666667,0.2972222222222235,0.20070422535211266,26.1,1
2025-11-23,0.48763250883392234,0.8266666666666667,0.1583333333333346,0.10211267605633803,0.0,0
2025-11-24,0.5123674911660778,0.76,0.033333333333334596,0.21126760563380284,0.0,0
2025-11-25,0.39222614840989406,0.72,0.10277777777777904,0.35563380281690143,0.5,1
2025-11-26,0.3392226148409895,0.6533333333333333,0.1083333333333327,0.6338028169014084,4.8,1
2025-11-27,0.32155477031802127,0.7066666666666667,0.2638888888888889,0.2535211267605634,2.1,1
2025-11-28,0.32862190812720854,0.7466666666666667,0.1361111111111105,0.1795774647887324,10.0,1
2025-11-29,0.28975265017667845,0.7333333333333333,0.2916666666666667,0.48591549295774644,1.5,1
2025-11-30,0.2826855123674912,0.6666666666666666,0.3944444444444457,0.6795774647887324,4.9,1
2025-12-01,0.26855123674911663,0.6266666666666667,0.4249999999999987,0.6690140845070423,2.8,1
2025-12-02,0.28975265017667845,0.6933333333333334,0.5166666666666673,0.05985915492957747,0.0,0
2025-12-03,0.5406360424028269,0.3466666666666667,0.40555555555555617,0.27112676056338025,0.0,0
2025-12-04,0.6148409893992933,0.22666666666666666,0.27499999999999936,0.37676056338028163,0.0,0
2025-12-05,0.44876325088339225,0.5066666666666667,0.26111111111111046,0.13380281690140844,1.7,1
2025-12-06,0.3568904593639577,0.6266666666666667,0.2833333333333346,0.4225352112676056,1.5,1
2025-12-07,0.30742049469964666,0.41333333333333333,0.4361111111111124,0.11267605633802817,0.0,0
2025-12-08,0.4558303886925795,0.32,0.35000000000000064,0.1725352112676056,0.0,0
2025-12-09,0.48056537102473507,0.49333333333333335,0.41944444444444506,0.1725352112676056,0.0,0
2025-12-10,0.4982332155477033,0.49333333333333335,0.4916666666666679,0.18309859154929578,0.0,0
2025-12-11,0.6148409893992933,0.3466666666666667,0.4027777777777778,0.13732394366197184,0.0,0
2025-12-12,0.7703180212014136,0.09333333333333334,0.18611111111111237,0.3838028169014084,0.0,0
2025-12-13,0.46643109540636046,0.49333333333333335,0.2555555555555568,0.46830985915492956,0.0,0
2025-12-14,0.3568904593639577,0.5866666666666667,0.41944444444444506,0.4612676056338027,0.6,1
2025-12-15,0.34275618374558303,0.4533333333333333,0.5750000000000013,0.306338028169014,0.0,0
2025-12-16,0.43462897526501776,0.48,0.5333333333333345,0.1408450704225352,0.0,0
2025-12-17,0.6961130742049471,0.14666666666666667,0.4166666666666667,0.13732394366197184,0.0,0
2025-12-18,0.8162544169611309,0.12,0.2861111111111099,0.1795774647887324,0.0,0
2025-12-19,0.5547703180212015,0.56,0.2333333333333327,0.25704225352112675,0.0,0
2025-12-20,0.4734982332155477,0.5466666666666666,0.18055555555555555,0.22535211267605632,0.0,0
2025-12-21,0.43462897526501776,0.5733333333333334,0.125,0.528169014084507,6.0,1
2025-12-22,0.34275618374558303,0.6133333333333333,0.375,0.36619718309859145,0.2,0
2025-12-23,0.3674911660777385,0.5733333333333334,0.4722222222222222,0.36619718309859145,0.0,0
2025-12-24,0.3568904593639577,0.5466666666666666,0.5027777777777784,0.39788732394366194,0.0,0
2025-12-25,0.34628975265017675,0.48,0.5611111111111123,0.3838028169014084,0.0,0
2025-12-26,0.3816254416961131,0.44,0.5305555555555562,0.18309859154929578,0.0,0
2025-12-27,0.530035335689046,0.29333333333333333,0.41388888888888825,0.1971830985915493,0.0,0
2025-12-28,0.7279151943462899,0.04,0.37222222222222157,0.30281690140845074,0.0,0
2025-12-29,0.8162544169611309,0.0,0.30833333333333396,0.30281690140845074,0.0,0
2025-12-30,0.4381625441696113,0.5466666666666666,0.375,0.4929577464788732,0.0,0
2025-12-31,0.3568904593639577,0.48,0.43333333333333396,0.42605633802816906,0.0,0
